"sections","DCI.as"
"84_s",3.57142857142857
"94_s",7.14285714285714
"97_s",10.7142857142857
"98_s",3.57142857142857
"100_s",14.2857142857143
"99_s",28.5714285714286
"sink",32.1428571428571
