"DCIp","DCId"
22.4489795918367,32.1428571428571
